{"cameraMode":{"drawMode":0,"name":"Shaded","section":"Shading Mode"},"sceneLighting":true,"audioPlay":false,"sceneViewState":{"m_AlwaysRefresh":false,"showFog":true,"showSkybox":true,"showFlares":true,"showImageEffects":true,"showParticleSystems":true,"showVisualEffectGraphs":true,"m_FxEnabled":true},"in2DMode":false,"pivot":{"x":-2.5873382091522219,"y":-0.22294044494628907,"z":11.32104778289795},"rotation":{"x":-0.7140222787857056,"y":-0.009032607078552246,"z":0.009212971664965153,"w":-0.7000063061714172},"size":15.807551383972168,"orthographic":false}